Model,Accuracy,F1-Score,ROC-AUC
Logistic Regression,0.7,0.8235294117647058,0.875
KNN,0.7,0.8235294117647058,0.5625
Random Forest,0.5,0.6666666666666666,0.625
